{
  "auc_roc": 0.7613583973163591,
  "pr_auc": 0.2559615384124553,
  "n_val": 61503,
  "positive_rate_val": 0.08072776937710356,
  "thresholds": {
    "default_0.5": {
      "threshold": 0.5,
      "precision": 0.17533162173727002,
      "recall": 0.660221550855992,
      "f1": 0.27708042770804275,
      "approval_rate": 0.696014828544949,
      "confusion_matrix": [
        [
          41120,
          15418
        ],
        [
          1687,
          3278
        ]
      ]
    },
    "conservative_0.05": {
      "threshold": 0.05,
      "precision": 0.08130067982635761,
      "recall": 0.9995971802618329,
      "f1": 0.1503711558854719,
      "approval_rate": 0.007446791213436743,
      "confusion_matrix": [
        [
          456,
          56082
        ],
        [
          2,
          4963
        ]
      ]
    },
    "aggressive_0.15": {
      "threshold": 0.15,
      "precision": 0.08984057864049007,
      "recall": 0.9806646525679759,
      "f1": 0.1646016801609168,
      "approval_rate": 0.1188072126562932,
      "confusion_matrix": [
        [
          7211,
          49327
        ],
        [
          96,
          4869
        ]
      ]
    }
  }
}