{
  "auc_roc": 0.7867736369197059,
  "validation_method": "5-fold StratifiedKFold (OOF)",
  "cv": {
    "oof_auc": 0.7867736369197059,
    "mean_val_auc": 0.786773803848614,
    "std_val_auc": 0.0035240619625768153,
    "mean_train_auc": 0.8333703321691168,
    "train_val_gap": 0.04659652832050287,
    "fold_val_aucs": [
      0.7822036668508773,
      0.7916153634722825,
      0.7858726760243864,
      0.7899832994429175,
      0.7841940134526061
    ],
    "fold_train_aucs": [
      0.8264610918352215,
      0.8305810681858916,
      0.836629962449607,
      0.8444877219431934,
      0.8286918164316708
    ],
    "fold_best_iterations": [
      1022,
      1270,
      1405,
      1702,
      1100
    ],
    "mean_best_iteration": 1300,
    "n_splits": 5,
    "seed": 42,
    "inner_val_frac": 0.1
  },
  "pr_auc": 0.2812487901385305,
  "brier_score": 0.06589343560398697,
  "n_total": 307511,
  "positive_rate": 0.08072881945686496,
  "feature_count": 289,
  "thresholds": {
    "default_0.5": {
      "threshold": 0.5,
      "precision": 0.5800604229607251,
      "recall": 0.046404833836858006,
      "f1": 0.08593487747566297,
      "approval_rate": 0.9935416944434508,
      "confusion_matrix": [
        [
          281852,
          834
        ],
        [
          23673,
          1152
        ]
      ]
    },
    "conservative_0.05": {
      "threshold": 0.05,
      "precision": 0.14146937508016552,
      "recall": 0.8441490433031219,
      "f1": 0.24232752838872315,
      "approval_rate": 0.5182904026197437,
      "confusion_matrix": [
        [
          155511,
          127175
        ],
        [
          3869,
          20956
        ]
      ]
    },
    "aggressive_0.15": {
      "threshold": 0.15,
      "precision": 0.26179942642449033,
      "recall": 0.4743605236656596,
      "f1": 0.3373922012434461,
      "approval_rate": 0.8537255577849248,
      "confusion_matrix": [
        [
          249481,
          33205
        ],
        [
          13049,
          11776
        ]
      ]
    }
  }
}